{
    "portals": [
        {
            "shortId": "NME1Z2QF2OJ",
            "pose": {
                "position": {
                    "x": -0.15496053152055878,
                    "y": 0.05180423856323624,
                    "z": -0.017032848266142153
                },
                "rotation": {
                    "x": 0.7068333386759161,
                    "y": 0.004555401526728565,
                    "z": 0.005610184201322422,
                    "w": -0.7073432020500482
                }
            },
            "averagePose": {
                "position": {
                    "x": -0.15496053152055878,
                    "y": 0.05180423856323624,
                    "z": -0.017032848266142153
                },
                "rotation": {
                    "x": 0.7068333386759161,
                    "y": 0.004555401526728565,
                    "z": 0.005610184201322422,
                    "w": -0.7073432020500482
                }
            },
            "physicalSize": 0.15
        },
        {
            "shortId": "8TE2PRQ2E18",
            "pose": {
                "position": {
                    "x": -0.024989626505864004,
                    "y": 0.0899612137385295,
                    "z": -15.247503462367987
                },
                "rotation": {
                    "x": 0.7079037824134308,
                    "y": 0.005842166377368619,
                    "z": 0.014978734278560392,
                    "w": -0.7061258679981846
                }
            },
            "averagePose": {
                "position": {
                    "x": -0.024989626505864004,
                    "y": 0.0899612137385295,
                    "z": -15.247503462367987
                },
                "rotation": {
                    "x": 0.7079037824134308,
                    "y": 0.005842166377368619,
                    "z": 0.014978734278560392,
                    "w": -0.7061258679981846
                }
            },
            "physicalSize": 0.15
        },
        {
            "shortId": "4OOP0SY7UL2",
            "pose": {
                "position": {
                    "x": -0.041477719966468984,
                    "y": 0.11820202410459535,
                    "z": -10.695179926723984
                },
                "rotation": {
                    "x": -0.7004402639520081,
                    "y": -0.006789226234680312,
                    "z": 0.012593435555166593,
                    "w": 0.7135676200773783
                }
            },
            "averagePose": {
                "position": {
                    "x": -0.041477719966468984,
                    "y": 0.11820202410459535,
                    "z": -10.695179926723984
                },
                "rotation": {
                    "x": -0.7004402639520081,
                    "y": -0.006789226234680312,
                    "z": 0.012593435555166593,
                    "w": 0.7135676200773783
                }
            },
            "physicalSize": 0.15
        },
        {
            "shortId": "PXPJJTYCO25",
            "pose": {
                "position": {
                    "x": -0.07191967270548871,
                    "y": 0.07093722870510244,
                    "z": -6.099364097809588
                },
                "rotation": {
                    "x": -0.6997024206481929,
                    "y": 0.0005479715675181239,
                    "z": 0.002796242026455786,
                    "w": 0.7144287251341103
                }
            },
            "averagePose": {
                "position": {
                    "x": -0.07191967270548871,
                    "y": 0.07093722870510244,
                    "z": -6.099364097809588
                },
                "rotation": {
                    "x": -0.6997024206481929,
                    "y": 0.0005479715675181239,
                    "z": 0.002796242026455786,
                    "w": 0.7144287251341103
                }
            },
            "physicalSize": 0.15
        },
        {
            "shortId": "2HLB7NUV3U2",
            "pose": {
                "position": {
                    "x": -0.21028276480634278,
                    "y": 0.06655733485691073,
                    "z": 2.944870407481083
                },
                "rotation": {
                    "x": -0.6993863389197703,
                    "y": -0.004371830147675866,
                    "z": -0.00964301761025327,
                    "w": 0.7146654099961242
                }
            },
            "averagePose": {
                "position": {
                    "x": -0.21028276480634278,
                    "y": 0.06655733485691073,
                    "z": 2.944870407481083
                },
                "rotation": {
                    "x": -0.6993863389197703,
                    "y": -0.004371830147675866,
                    "z": -0.00964301761025327,
                    "w": 0.7146654099961242
                }
            },
            "physicalSize": 0.15
        },
        {
            "shortId": "YF48K0RE9R0",
            "pose": {
                "position": {
                    "x": 4.040764822526148,
                    "y": 0.042455718051042535,
                    "z": 0.07771477037758723
                },
                "rotation": {
                    "x": -0.7003222357583532,
                    "y": -0.0016462540015937388,
                    "z": 0.0012313215810474398,
                    "w": 0.7138238857010516
                }
            },
            "averagePose": {
                "position": {
                    "x": 4.040764822526148,
                    "y": 0.042455718051042535,
                    "z": 0.07771477037758723
                },
                "rotation": {
                    "x": -0.7003222357583532,
                    "y": -0.0016462540015937388,
                    "z": 0.0012313215810474398,
                    "w": 0.7138238857010516
                }
            },
            "physicalSize": 0.15
        },
        {
            "shortId": "ALGM9RRSGSN",
            "pose": {
                "position": {
                    "x": 4.269554985806469,
                    "y": 0.11182364572726256,
                    "z": -15.284944767989298
                },
                "rotation": {
                    "x": -0.6936483602419237,
                    "y": -0.0021138270605063902,
                    "z": 0.008035193963058768,
                    "w": 0.7202658673898306
                }
            },
            "averagePose": {
                "position": {
                    "x": 4.269554985806469,
                    "y": 0.11182364572726256,
                    "z": -15.284944767989298
                },
                "rotation": {
                    "x": -0.6936483602419237,
                    "y": -0.0021138270605063902,
                    "z": 0.008035193963058768,
                    "w": 0.7202658673898306
                }
            },
            "physicalSize": 0.15
        }
    ],
    "reconstructionServerVersion": "0.1.31-robin-17",
    "jobStatus": "refined",
    "jobProgress": 100,
    "jobStatusDetails": ""
}